chapter,chr_1,chr_2,chr_3,chr_4,chr_5
1,我,是,美,国,人
2,你,们,不,也,都
3,跟,中,学,生,小
4,朋,友,还,的,个
5,男,女,贵,姓,丁
6,他,这,那,只,狗
7,张,桌,子,椅,把
8,呢,吗,谁,哪,咱
9,大,对,老,师,好
10,虽,然,可,但,叫
11,早,看,很,有,名
12,今,天,觉,得,累
13,床,软,硬,新,旧
14,宿,舍,屋,间,校
15,教,室,吃,饭,够
16,昨,晚,错,点,没
17,鸡,肉,太,每,蛋
18,上,下,午,多,少
19,高,矮,性,情,鼻
20,母,亲,眼,睛,课
21,奇,怪,请,坐,真
22,英,文,说,话,坏
23,什,现,在,怎,么
24,喜,欢,信,会,只
25,写,字,就,想,饿
26,喝,气,水,清,茶
27,死,几,红,绿,半
28,皮,包,极,块,钱
29,事,馆,能,别,啊
30,谢,东,西,来,进
31,忙,空,李,谈,吧
32,热,凉,行,或,者
33,要,知,道,时,候
34,法,惯,样,当,住
35,年,完,已,经,月
